Summary,Issue Type,Description,Priority,Labels,Component
"Implement Code Search API endpoint","Story","Create REST API endpoint for searching medical codes with support for full-text search case-insensitive matching and pagination. Technical Specifications: Endpoint GET /api/codes with search query page and pageSize parameters. Database PostgreSQL with Prisma ORM. Search Full-text search using Prisma contains with insensitive mode. Performance target less than 500ms response time. Stack: Next.js 14 Prisma PostgreSQL TypeScript Zod. Implementation Tasks: 1. Create API route handler in src/app/api/codes/route.ts 2. Implement search logic in src/lib/db/codes.ts 3. Add Zod validation schema in src/lib/validations/code.ts 4. Add debounce logic in frontend (300ms) 5. Implement pagination logic 6. Add error handling and logging 7. Write unit tests (Jest) 8. Write integration tests (Playwright) 9. Performance testing (less than 500ms target) 10. Update API documentation. Technical Approach: Use Prisma where clause with OR condition for code and description search. Index code and description columns for fast search. Unit tests for search logic integration tests for API endpoint.","High","ILPR,Implementation,Backend,API","Backend"
"Implement Code Pagination Component","Story","Create reusable pagination component with Next and Previous buttons page info display and state management. Technical Specifications: Component React functional component with hooks. State management React useState for page state. Props page totalPages onPageChange callback. Styling Tailwind CSS with Shadcn/ui Button component. Stack: React 18 TypeScript Tailwind CSS Shadcn/ui. Implementation Tasks: 1. Create pagination component in src/components/ui/pagination.tsx 2. Implement page state management in parent component 3. Add Next and Previous button logic with disabled states 4. Add page info display (Page X of Y) 5. Integrate with Code Library page 6. Add keyboard navigation (arrow keys) 7. Write unit tests (Jest plus React Testing Library) 8. Add accessibility attributes (ARIA labels) 9. Test with different page counts 10. Update component documentation. Technical Approach: Local state with useState pass page changes to parent via callback. ARIA labels for buttons keyboard navigation support. Design as generic component for use across all list pages.","High","ILPR,Implementation,Frontend,UI","Frontend"
"Implement Code Statistics Aggregation","Story","Create database queries and API endpoint for calculating code statistics (total active inactive by type). Technical Specifications: Endpoint GET /api/codes/statistics. Database PostgreSQL with Prisma aggregation queries. Caching Optional Redis caching for 5-minute TTL. Response format JSON with totalCodes activeCodes inactiveCodes codeTypeCount byType. Stack: Next.js 14 Prisma PostgreSQL TypeScript. Implementation Tasks: 1. Create API route in src/app/api/codes/statistics/route.ts 2. Implement aggregation queries in src/lib/db/codes.ts 3. Add caching logic (optional Redis) 4. Create TypeScript interface for statistics response 5. Implement error handling 6. Write unit tests for aggregation logic 7. Write integration tests for API endpoint 8. Performance testing (less than 200ms target) 9. Add monitoring and logging 10. Update API documentation. Technical Approach: Use Prisma count() and groupBy() for efficient aggregation. Consider materialized view or caching for large datasets. Design for 100000 plus codes.","Medium","ILPR,Implementation,Backend,API","Backend"
"Implement Code Details Display Component","Story","Create table component for displaying medical codes with proper formatting badges and hover effects. Technical Specifications: Component React table component with Shadcn/ui Table. Formatting Monospace font for code values color-coded badges for status. Styling Tailwind CSS with hover effects and responsive design. Stack: React 18 TypeScript Tailwind CSS Shadcn/ui. Implementation Tasks: 1. Create code table component in src/components/codes/codes-table.tsx 2. Implement table structure with proper columns 3. Add monospace font styling for code values 4. Create Badge components for code type and status 5. Add hover effect styling 6. Implement responsive design for mobile 7. Add sorting capability (optional) 8. Write unit tests (Jest plus React Testing Library) 9. Test with different data sets 10. Update component documentation. Technical Approach: Use Tailwind utilities for monospace font badge colors hover effects. Proper table headers ARIA labels for badges. Design as generic component for use with other code lists.","Medium","ILPR,Implementation,Frontend,UI","Frontend"
"Implement Code Import Wizard","Story","Create multi-step wizard for importing medical codes from CSV files with validation preview and error handling. Technical Specifications: Component Multi-step wizard with file upload validation preview and execution. File handling CSV parsing with validation. API endpoints POST /api/codes/import/validate and POST /api/codes/import/execute. Error handling Detailed validation errors with line numbers. Stack: React 18 Next.js 14 Prisma papaparse TypeScript. Implementation Tasks: 1. Create wizard component in src/components/codes/code-import-wizard.tsx 2. Implement file upload with drag-and-drop 3. Add CSV parsing logic 4. Create validation API endpoint 5. Implement preview step with first 10 rows 6. Create execution API endpoint with bulk insert 7. Add duplicate detection logic 8. Implement progress indicator 9. Add error handling and rollback 10. Write unit and integration tests 11. Update documentation. Technical Approach: Use papaparse for CSV parsing validate headers and data types. Use Prisma createMany for bulk insert wrap in transaction. Check existing codes before insert offer skip or update options. Handle up to 10000 codes per import show progress.","High","ILPR,Implementation,Frontend,Backend,Import","Import"
"Implement Custom Code Creation Form","Story","Create form component for creating custom medical codes with validation and submission. Technical Specifications: Component React form with Shadcn/ui Form components. Validation Zod schema for client and server-side validation. API endpoint POST /api/codes. Fields code type description category status effectiveDate etc. Stack: React 18 React Hook Form Zod Next.js 14 Prisma TypeScript. Implementation Tasks: 1. Create form component in src/components/codes/create-code-form.tsx 2. Implement form fields with React Hook Form 3. Add Zod validation schema 4. Create API endpoint for code creation 5. Implement duplicate detection 6. Add success and error toast notifications 7. Implement form reset after successful creation 8. Write unit tests for validation 9. Write integration tests for form submission 10. Update documentation. Technical Approach: Client-side validation with Zod server-side validation in API. Check for existing code before insert. Toast notifications for success and error clear validation messages.","Medium","ILPR,Implementation,Frontend,Backend,Forms","Forms"
"Implement Quality Measure Search and Filters","Story","Create search and filter functionality for quality measures with program and domain filters. Technical Specifications: Component Search input with advanced filters panel. API endpoint GET /api/quality-measures with search program and domain parameters. Filtering By measure name program (HEDIS or MIPS) domain. Performance target less than 500ms response time. Stack: React 18 Next.js 14 Prisma TypeScript. Implementation Tasks: 1. Create search component in src/components/quality-measures/measure-search.tsx 2. Create filters component in src/components/quality-measures/measure-filters.tsx 3. Implement API endpoint with filtering logic 4. Add debounce to search input (300ms) 5. Implement filter state management 6. Add clear filters functionality 7. Write unit tests for filter logic 8. Write integration tests for API endpoint 9. Performance testing 10. Update documentation. Technical Approach: Full-text search on measure name and description. Dropdown filters for program and domain with multi-select. Local state with useState URL params for shareable links. Index measure name for fast search.","High","ILPR,Implementation,Frontend,Backend,Search","Search"
"Implement Quality Measure Details Modal","Story","Create modal component for displaying detailed quality measure information with tabs for overview logic products and codes. Technical Specifications: Component Modal with tabbed interface using Shadcn/ui Dialog and Tabs. API endpoint GET /api/quality-measures/{id}. Tabs Overview Measure Logic Products Billing Codes. Data loading Fetch measure details on modal open. Stack: React 18 Shadcn/ui Next.js 14 Prisma TypeScript. Implementation Tasks: 1. Create modal component in src/components/quality-measures/measure-details-modal.tsx 2. Implement tabbed interface with Shadcn/ui Tabs 3. Create API endpoint for fetching measure details with relations 4. Implement Overview tab with all measure properties 5. Implement Measure Logic tab with structured logic display 6. Implement Products tab with linked products 7. Implement Billing Codes tab with grouped codes 8. Add Edit Logic button with navigation 9. Write unit tests for modal component 10. Write integration tests for data loading 11. Update documentation. Technical Approach: Fetch measure with all relations (valueSet measureLogic productMeasures). Use Shadcn/ui Tabs for smooth transitions lazy load tab content. Modal open less than 300ms tab switching less than 100ms. Proper ARIA labels keyboard navigation.","High","ILPR,Implementation,Frontend,Backend,Modal","Modal"
"Implement Measure Logic Editor","Story","Create editor interface for configuring quality measure logic including denominator numerator and exclusion criteria. Technical Specifications: Component Complex form with logic builder interface. API endpoints PUT /api/quality-measures/{id}/logic and POST /api/measure-logic. Logic types Denominator Numerator Exclusion. Validation Ensure valid logic structure before save. Stack: React 18 Next.js 14 Prisma TypeScript. Implementation Tasks: 1. Create logic editor component in src/components/quality-measures/measure-logic-editor.tsx 2. Implement logic builder UI with add and remove criteria 3. Create API endpoint for updating measure logic 4. Implement validation for logic structure 5. Add value set selector for criteria 6. Implement code selector for value sets 7. Add logic operator selector (AND or OR) 8. Implement save with confirmation 9. Add cancel with confirmation dialog 10. Write unit tests for validation 11. Write integration tests for save flow 12. Update documentation. Technical Approach: Complex form state with nested objects for logic criteria. Validate logic structure ensure all criteria have value sets. Confirmation dialogs for save and cancel toast notifications. High complexity due to nested logic structure.","High","ILPR,Implementation,Frontend,Backend,Forms","Forms"
"Implement Benefit Mapping Creation","Story","Create form and API for creating benefit mappings between codes and benefit segments. Technical Specifications: Component Form with code selector benefit segment selector and cost-sharing fields. API endpoint POST /api/mappings. Fields code benefitSegment copay coinsurance deductibleApplies priority. Validation Zod schema with conflict detection. Stack: React 18 React Hook Form Zod Next.js 14 Prisma TypeScript. Implementation Tasks: 1. Create mapping form in src/components/mappings/create-mapping-form.tsx 2. Implement code selector with search 3. Implement benefit segment selector 4. Add cost-sharing fields (copay coinsurance deductible) 5. Create API endpoint for mapping creation 6. Implement conflict detection logic 7. Add validation for currency and percentage fields 8. Implement success and error notifications 9. Write unit tests for validation 10. Write integration tests for creation flow 11. Update documentation. Technical Approach: Check for existing mapping with same code-benefit pair. Currency format for copay percentage for coinsurance integer for priority. Toast notifications clear validation messages.","High","ILPR,Implementation,Frontend,Backend,Forms","Forms"
"Implement Bulk Code Mapping","Story","Create interface and API for mapping multiple codes to benefits at once with preview and conflict handling. Technical Specifications: Component Multi-select interface with preview step. API endpoint POST /api/mappings/bulk. Features Multi-select codes apply same benefit and cost-sharing to all preview conflict handling. Performance Handle up to 100 codes per bulk operation. Stack: React 18 Next.js 14 Prisma TypeScript. Implementation Tasks: 1. Create bulk mapping component in src/components/mappings/bulk-mapping-interface.tsx 2. Implement multi-select code picker 3. Create preview step showing all mappings 4. Create API endpoint for bulk creation 5. Implement conflict detection for bulk operations 6. Add skip update cancel options for conflicts 7. Implement progress indicator 8. Add transaction rollback on error 9. Write unit tests for conflict logic 10. Write integration tests for bulk flow 11. Update documentation. Technical Approach: Use Prisma transaction for atomic bulk insert. Detect conflicts before insert offer skip or update options. Handle up to 100 codes show progress. Progress indicator detailed conflict report.","Medium","ILPR,Implementation,Frontend,Backend,Bulk","Bulk"
"Implement Code Equivalency Creation","Story","Create form and API for creating code equivalency relationships with confidence scoring and bidirectional mapping. Technical Specifications: Component Complex form with source and target code selectors confidence slider relationship selector. API endpoint POST /api/code-equivalencies. Fields name description category source confidence sourceCode targetCode relationship bidirectional. Validation Ensure source and target codes are different validate confidence 0 to 100 percent. Stack: React 18 React Hook Form Zod Next.js 14 Prisma TypeScript. Implementation Tasks: 1. Create equivalency form in src/components/mappings/create-equivalency-dialog.tsx 2. Implement code search with autocomplete 3. Add confidence slider (0 to 100 percent) 4. Implement relationship selector (Exact Broader Narrower Related) 5. Add bidirectional checkbox 6. Create API endpoint for equivalency creation 7. Implement bidirectional mapping creation 8. Add validation for source not equal to target 9. Write unit tests for validation 10. Write integration tests for creation flow 11. Update documentation. Technical Approach: Autocomplete search for source and target codes. If bidirectional checked create reverse mapping automatically. Ensure source not equal to target confidence 0 to 100 percent all required fields. Toast notifications clear validation messages.","High","ILPR,Implementation,Frontend,Backend,Forms","Forms"
"Implement Equivalency Details Modal","Story","Create modal component for displaying detailed equivalency information including all code mappings. Technical Specifications: Component Modal using Shadcn/ui Dialog. API endpoint GET /api/code-equivalencies/{id}. Display Name description category source confidence all code mappings. Formatting Source to Target with relationship badges. Stack: React 18 Shadcn/ui Next.js 14 Prisma TypeScript. Implementation Tasks: 1. Create modal component in src/components/mappings/equivalency-details-modal.tsx 2. Create API endpoint for fetching equivalency with mappings 3. Implement details display with all properties 4. Add code mappings section with source to target format 5. Add relationship badges (Exact Broader etc.) 6. Add confidence percentage display 7. Implement close functionality 8. Write unit tests for modal component 9. Write integration tests for data loading 10. Update documentation. Technical Approach: Fetch equivalency with all mappings using Prisma include. Clear formatting for code mappings color-coded badges. Modal open less than 300ms. Proper ARIA labels keyboard navigation.","Medium","ILPR,Implementation,Frontend,Backend,Modal","Modal"
"Implement Value Set CRUD Operations","Story","Create API endpoints and database logic for creating reading updating and deleting value sets. Technical Specifications: API endpoints GET and POST /api/value-sets and GET PUT DELETE /api/value-sets/{id}. Database Prisma ORM with ValueSet model. Validation Zod schemas for create and update. Relations Handle ValueSetCode associations. Stack: Next.js 14 Prisma PostgreSQL Zod TypeScript. Implementation Tasks: 1. Create API routes in src/app/api/value-sets/ 2. Implement database logic in src/lib/db/value-sets.ts 3. Add Zod validation schemas 4. Implement GET endpoint for listing value sets 5. Implement POST endpoint for creating value sets 6. Implement GET endpoint for single value set 7. Implement PUT endpoint for updating value sets 8. Implement DELETE endpoint with cascade 9. Write unit tests for database logic 10. Write integration tests for all endpoints 11. Update API documentation. Technical Approach: Use Prisma CRUD operations with relations. When deleting value set handle ValueSetCode associations. Validate name purpose OID format. Index value set name for fast search.","High","ILPR,Implementation,Backend,API","Backend"
"Implement Value Set Code Management","Story","Create API endpoints and UI for adding and removing codes from value sets. Technical Specifications: API endpoints POST /api/value-sets/{id}/codes and DELETE /api/value-sets/{id}/codes/{codeId}. Component Code selector with search and add and remove functionality. Validation Prevent duplicate code associations. Stack: React 18 Next.js 14 Prisma TypeScript. Implementation Tasks: 1. Create API endpoint for adding codes to value set 2. Create API endpoint for removing codes from value set 3. Implement code search component 4. Add code selector with autocomplete 5. Implement add code functionality 6. Implement remove code functionality 7. Add duplicate detection 8. Implement success and error notifications 9. Write unit tests for API logic 10. Write integration tests for add and remove flow 11. Update documentation. Technical Approach: Use Prisma create and delete for ValueSetCode associations. Check if code already in value set before adding. Toast notifications clear error messages. Autocomplete search with debounce.","High","ILPR,Implementation,Frontend,Backend,API","API"
"Implement Product Management CRUD","Story","Create API endpoints and UI for creating reading updating and deleting health plan products. Technical Specifications: API endpoints GET and POST /api/products and GET PUT DELETE /api/products/{id}. Component Product form with all required fields. Validation Zod schemas for create and update. Fields name type status effectiveDate terminationDate etc. Stack: React 18 React Hook Form Zod Next.js 14 Prisma TypeScript. Implementation Tasks: 1. Create API routes in src/app/api/products/ 2. Implement database logic in src/lib/db/products.ts 3. Add Zod validation schemas 4. Create product form component 5. Implement create product functionality 6. Implement update product functionality 7. Implement delete product with confirmation 8. Add product status workflow 9. Write unit tests for validation 10. Write integration tests for all operations 11. Update documentation. Technical Approach: Validate product name type dates status. Status workflow Draft to Active to Inactive to Archived. Toast notifications confirmation dialogs for delete.","High","ILPR,Implementation,Frontend,Backend,CRUD","CRUD"
"Implement Analytics Dashboard Charts","Story","Create interactive charts and visualizations for analytics dashboard using Recharts library. Technical Specifications: Component Multiple chart components (bar line pie area). Library Recharts for React. API endpoint GET /api/analytics/dashboard. Features Hover tooltips legend toggle responsive design. Stack: React 18 Recharts Next.js 14 TypeScript. Implementation Tasks: 1. Install and configure Recharts 2. Create chart components in src/components/analytics/ 3. Implement bar chart for code distribution 4. Implement line chart for trends 5. Implement pie chart for coverage 6. Add hover tooltips with custom formatting 7. Implement legend toggle functionality 8. Add responsive design for mobile 9. Write unit tests for chart rendering 10. Write integration tests for data loading 11. Update documentation. Technical Approach: Bar Line Pie Area charts with Recharts. Hover tooltips legend toggle click events. Charts resize based on container width. Optimize for large datasets use data sampling if needed.","Medium","ILPR,Implementation,Frontend,Charts","Charts"
"Implement Responsive Sidebar Navigation","Story","Create responsive sidebar navigation component that collapses on mobile and supports expand and collapse functionality. Technical Specifications: Component Sidebar with menu items icons and collapse functionality. Responsive Full sidebar on desktop collapsible on tablet hamburger on mobile. State Persist sidebar state in localStorage. Styling Tailwind CSS with smooth transitions. Stack: React 18 Next.js 14 Tailwind CSS TypeScript. Implementation Tasks: 1. Create sidebar component in src/components/layout/sidebar.tsx 2. Implement menu items with icons and labels 3. Add collapse and expand functionality 4. Implement responsive behavior (desktop tablet mobile) 5. Add active menu item highlighting 6. Persist sidebar state in localStorage 7. Add smooth transitions for collapse and expand 8. Implement keyboard navigation 9. Write unit tests for sidebar component 10. Test on different screen sizes 11. Update documentation. Technical Approach: Full sidebar (greater than 1024px) collapsible (768 to 1024px) hamburger (less than 768px). Local state with localStorage persistence. Smooth CSS transitions for collapse and expand. Keyboard navigation ARIA labels focus management.","High","ILPR,Implementation,Frontend,Navigation","Navigation"
"Implement Responsive Table Component","Story","Create responsive table component that handles mobile display with horizontal scroll or vertical stacking. Technical Specifications: Component Reusable table component with responsive behavior. Mobile Horizontal scroll or vertical card layout. Features Sortable columns hover effects proper headers. Stack: React 18 Tailwind CSS Shadcn/ui TypeScript. Implementation Tasks: 1. Create responsive table component in src/components/ui/responsive-table.tsx 2. Implement horizontal scroll for mobile 3. Add vertical card layout option for mobile 4. Implement sortable columns 5. Add hover effects 6. Ensure proper table headers and accessibility 7. Add loading state 8. Write unit tests for table component 9. Test on different screen sizes 10. Update documentation. Technical Approach: Horizontal scroll on mobile vertical stacking option. Click column headers to sort visual indicators. Proper table headers ARIA labels keyboard navigation. Generic component for use across all list pages.","Medium","ILPR,Implementation,Frontend,UI","UI"
"Implement Performance Monitoring","Story","Add performance monitoring and optimization for page loads API responses and user interactions. Technical Specifications: Monitoring Use Next.js built-in performance monitoring. Metrics Page load time API response time Time to Interactive (TTI). Optimization Code splitting lazy loading image optimization. Targets less than 3s page load less than 500ms API response less than 300ms modal open. Stack: Next.js 14 Lighthouse Vercel Analytics (optional) TypeScript. Implementation Tasks: 1. Configure Next.js performance monitoring 2. Add custom performance marks for key interactions 3. Implement code splitting for large pages 4. Add lazy loading for images and components 5. Optimize bundle size with tree shaking 6. Add database query optimization (indexes) 7. Implement API response caching where appropriate 8. Run Lighthouse audits on all pages 9. Set up performance budgets 10. Document performance targets and monitoring 11. Create performance dashboard (optional). Technical Approach: Use Next.js Web Vitals custom performance marks. Code splitting lazy loading image optimization database indexes. Lighthouse audits performance budgets load testing. Performance targets monitoring setup optimization techniques.","High","ILPR,Implementation,Performance,Optimization","Performance"
"Implement Error Boundaries and Error Handling","Story","Create error boundaries for graceful error handling and user-friendly error messages throughout the application. Technical Specifications: Component React Error Boundary component. Error types Network errors server errors validation errors 404 errors. User feedback Toast notifications error pages inline error messages. Logging Log errors to console and external service (optional). Stack: React 18 Next.js 14 TypeScript. Implementation Tasks: 1. Create error boundary component in src/components/error-boundary.tsx 2. Implement error boundary at app level 3. Create 404 error page in src/app/not-found.tsx 4. Create 500 error page in src/app/error.tsx 5. Implement network error handling with retry 6. Add form validation error display 7. Create toast notification system for errors 8. Add error logging (console and external service) 9. Write unit tests for error handling 10. Test all error scenarios 11. Update documentation. Technical Approach: Wrap app and key components to catch errors. Custom 404 and 500 pages with helpful messages. Toast notifications for transient errors inline for validation. Console logging for development external service for production. Retry options for network errors clear actions for users.","High","ILPR,Implementation,Quality,Errors","Quality"
"Implement Accessibility Features","Story","Add accessibility features throughout the application to meet WCAG 2.1 AA standards. Technical Specifications: Standards WCAG 2.1 AA compliance. Features Keyboard navigation screen reader support focus indicators color contrast. Testing Automated testing with axe-core manual testing with screen readers. Stack: React 18 ARIA Tailwind CSS axe-core TypeScript. Implementation Tasks: 1. Audit all pages with axe-core 2. Add ARIA labels to all interactive elements 3. Ensure all images have alt text 4. Add skip navigation link 5. Ensure proper heading hierarchy 6. Verify color contrast meets standards 7. Add visible focus indicators 8. Implement keyboard navigation for all features 9. Test with screen readers (NVDA JAWS VoiceOver) 10. Fix all accessibility violations 11. Document accessibility features and testing. Technical Approach: WCAG 2.1 AA compliance for all pages. Automated testing with axe-core manual testing with screen readers. Keyboard navigation ARIA labels alt text focus indicators color contrast. Accessibility guidelines testing procedures compliance status. Regular audits accessibility checklist for new features.","Medium","ILPR,Implementation,Quality,Accessibility","Quality"
"Implement Database Migrations and Seeding","Story","Create database migration scripts and seed data for development and testing environments. Technical Specifications: Migrations Prisma migrations for schema changes. Seeding Seed scripts for medical codes quality measures value sets. Data Real-world data from CMS HEDIS LOINC SNOMED. Stack: Prisma PostgreSQL TypeScript Node.js. Implementation Tasks: 1. Create initial Prisma migration 2. Create seed script for medical codes (ICD-10 CPT HCPCS) 3. Create seed script for quality measures (HEDIS) 4. Create seed script for value sets 5. Create seed script for code equivalencies 6. Add seed script for test data 7. Document seeding process 8. Create migration rollback procedures 9. Test migrations on clean database 10. Update README with setup instructions. Technical Approach: Use Prisma migrate for schema changes version control migrations. Separate seed scripts for different data types real-world data. CMS for codes HEDIS for measures VSAC for value sets. Test migrations and seeding on clean database. Setup instructions seeding process data sources.","High","ILPR,Implementation,Database,DevOps","Database"
"Implement API Documentation","Story","Create comprehensive API documentation for all endpoints using OpenAPI and Swagger specification. Technical Specifications: Format OpenAPI 3.0 specification. Tool Swagger UI for interactive documentation. Content All endpoints with request and response schemas examples error codes. Stack: OpenAPI 3.0 Swagger UI TypeScript. Implementation Tasks: 1. Install and configure Swagger UI 2. Create OpenAPI specification file 3. Document all GET endpoints 4. Document all POST endpoints 5. Document all PUT endpoints 6. Document all DELETE endpoints 7. Add request and response schemas 8. Add example requests and responses 9. Add error code documentation 10. Set up Swagger UI at /api-docs 11. Update README with API documentation link. Technical Approach: OpenAPI 3.0 specification in YAML or JSON. All endpoints schemas examples error codes. Swagger UI for testing endpoints. Update documentation with code changes. Available at /api-docs endpoint.","Medium","ILPR,Implementation,Documentation,API","Documentation"
"Implement Unit and Integration Tests","Story","Create comprehensive unit and integration tests for all features with high code coverage. Technical Specifications: Unit tests Jest plus React Testing Library for components. Integration tests Playwright for end-to-end flows. Coverage target greater than 80 percent code coverage. CI/CD Run tests on every commit. Stack: Jest React Testing Library Playwright TypeScript. Implementation Tasks: 1. Configure Jest and React Testing Library 2. Configure Playwright for integration tests 3. Write unit tests for all utility functions 4. Write unit tests for all components 5. Write integration tests for all user flows 6. Write API endpoint tests 7. Set up code coverage reporting 8. Configure CI/CD to run tests 9. Document testing strategy 10. Create testing guidelines for new features. Technical Approach: All utility functions components API logic. All user flows API endpoints database operations. Greater than 80 percent code coverage target. Run tests on every commit block merge if tests fail. Testing strategy guidelines examples.","High","ILPR,Implementation,Testing,Quality","Testing"
"Implement CI/CD Pipeline","Story","Set up continuous integration and deployment pipeline with GitHub Actions for automated testing and deployment. Technical Specifications: Platform GitHub Actions. Stages Lint Test Build Deploy. Environments Development Staging Production. Deployment Vercel or GCP Cloud Run. Stack: GitHub Actions Vercel or GCP Cloud Run Docker (optional) TypeScript. Implementation Tasks: 1. Create GitHub Actions workflow file 2. Add linting stage (ESLint Prettier) 3. Add testing stage (Jest Playwright) 4. Add build stage (Next.js build) 5. Add deployment stage (Vercel or Cloud Run) 6. Configure environment variables 7. Set up staging environment 8. Set up production environment 9. Add deployment approval for production 10. Document CI/CD process 11. Test full pipeline. Technical Approach: Lint to Test to Build to Deploy. Dev (auto-deploy) Staging (auto-deploy) Prod (manual approval). Vercel for simplicity Cloud Run for more control. Run all tests before deployment block if tests fail. CI/CD process deployment procedures rollback process.","High","ILPR,Implementation,DevOps,CI/CD","DevOps"
"Implement Logging and Monitoring","Story","Add comprehensive logging and monitoring for application health errors and performance. Technical Specifications: Logging Structured logging with Winston or Pino. Monitoring Application performance monitoring with Vercel Analytics or Sentry. Metrics API response times error rates user activity. Alerts Set up alerts for critical errors. Stack: Winston or Pino Vercel Analytics or Sentry TypeScript. Implementation Tasks: 1. Install and configure logging library 2. Add structured logging to all API endpoints 3. Add error logging with stack traces 4. Configure log levels (debug info warn error) 5. Set up monitoring service (Vercel Analytics or Sentry) 6. Add custom performance metrics 7. Configure error alerts 8. Create logging dashboard (optional) 9. Document logging strategy 10. Test logging in all environments. Technical Approach: Structured logging with context log levels stack traces. Application performance error tracking user activity. Email or Slack alerts for critical errors. Centralized logging dashboard (optional). Logging strategy log levels alert configuration.","Medium","ILPR,Implementation,Monitoring,DevOps","Monitoring"

