Summary,Issue Type,Description,Priority,Labels,Component,Epic Link
"As a Benefits Manager, I can search for medical codes by code value or description","Story","Feature: Medical Code Search - As a Benefits Manager I want to search for medical codes by code value or description so that I can quickly find relevant codes for benefit mapping. Background: Given the system has 58 medical codes loaded and I am authenticated as a Benefits Manager and I am on the Code Library page. Scenario: Search by exact code value - Given I am on the Code Library page, When I enter 83036 in the search field, Then I should see only codes matching 83036 and the code 83036 should be displayed with type CPT and the description should contain Hemoglobin A1c and the results should appear within 500ms. Scenario: Search by partial description - Given I am on the Code Library page, When I enter hemoglobin in the search field, Then I should see codes with hemoglobin in the description and the results should be case-insensitive and the results should appear within 500ms. Acceptance Criteria: Search filters by exact or partial code match, Search filters by description text, Search is case-insensitive, Search has 300ms debounce, Results appear within 500ms, Empty search shows all codes (58 total), Invalid search shows No results message, Search works across all code types (CPT HCPCS ICD-10), Pagination updates based on filtered results. Business Value: Reduces time to find codes by 80 percent improving Benefits Manager productivity from 5 minutes to 1 minute per code lookup. KPIs: Search response time less than 500ms (95th percentile), 95 percent search accuracy, 100 percent of codes searchable, 50 percent reduction in time-to-map codes to benefits, Zero search-related support tickets.","High","LLPR,Story,Search","Code Management","Code Library & Search"
"As a Benefits Manager, I can navigate through paginated code results","Story","Feature: Code Pagination - As a Benefits Manager I want to navigate through paginated code results so that I can browse large code sets efficiently. Background: Given the system has 58 medical codes loaded and codes are displayed 20 per page and I am on the Code Library page. Scenario: Navigate to next page - Given I am on page 1 of the code list and I see 20 codes displayed, When I click the Next button, Then I should be on page 2 and I should see the next 20 codes and the pagination should show Page 2 of 3. Scenario: Navigate to previous page - Given I am on page 2 of the code list, When I click the Previous button, Then I should be on page 1 and I should see the first 20 codes and the pagination should show Page 1 of 3. Acceptance Criteria: Pagination displays 20 codes per page, Next button advances to next page, Previous button goes to previous page, Previous button disabled on first page, Next button disabled on last page, Pagination info shows current page and total pages, Page state persists during search, URL updates with page parameter. Business Value: Enables efficient browsing of large code sets (50000 plus codes) without performance degradation. KPIs: Page load time less than 1 second, Supports up to 100000 codes, Zero pagination errors, 100 percent button state accuracy.","High","LLPR,Story,Pagination","Code Management","Code Library & Search"
"As a Benefits Manager, I can view code statistics at a glance","Story","Feature: Code Statistics Dashboard - As a Benefits Manager I want to view code statistics at a glance so that I can understand code coverage and system status. Background: Given the system has 58 medical codes loaded and I am on the Code Library page. Scenario: View total codes statistic - Given I am on the Code Library page, When I view the statistics cards, Then I should see a Total Codes card and it should display 58 and it should have an icon indicator. Scenario: View active codes statistic - Given I am on the Code Library page, When I view the statistics cards, Then I should see an Active Codes card and it should display the count of active codes and it should be color-coded green. Acceptance Criteria: Total Codes statistic displays correct count, Active Codes statistic displays correct count, Inactive Codes statistic displays correct count, Code Types statistic displays distinct types, Statistics cards are visually distinct, Statistics update in real-time, Statistics match database counts, Color coding indicates status (green equals good red equals attention). Business Value: Provides instant visibility into code coverage and system health. KPIs: Statistics accuracy 100 percent, Update latency less than 100ms, Zero calculation errors, 95 percent user satisfaction with visibility.","Medium","LLPR,Story,Statistics","Code Management","Code Library & Search"
"As a Benefits Manager, I can view detailed information for each code","Story","Feature: Code Details Display - As a Benefits Manager I want to view detailed information for each code so that I can understand code properties and usage. Background: Given the system has medical codes loaded and I am on the Code Library page. Scenario: View code in table - Given I am viewing the code list table, When I look at a code row, Then I should see the code value in monospace font and I should see the code type as a badge and I should see the description and I should see the category and I should see the status badge (Active or Inactive). Acceptance Criteria: Code values display in monospace font, Code type displays as badge, Status displays as color-coded badge (green or red), Description displays in full, Category displays or shows N/A, Table headers are clearly labeled, Row hover effect provides feedback, All columns are properly aligned, Data truncation handled gracefully. Business Value: Improves code readability and reduces errors in code identification by 75 percent. KPIs: Code identification accuracy 99 percent, Visual scan time less than 10 seconds per page, Zero display errors, 90 percent user satisfaction with readability.","Medium","LLPR,Story,Display","Code Management","Code Library & Search"
"As a Benefits Manager, I can import medical codes from CSV files","Story","Feature: Bulk Code Import - As a Benefits Manager I want to import medical codes from CSV files so that I can efficiently load large code sets. Background: Given I am authenticated as a Benefits Manager and I have a CSV file with medical codes. Scenario: Open import wizard - Given I am on the Code Library page, When I click the Import Codes button, Then the import wizard should open and I should see step 1 File Upload. Scenario: Upload valid CSV file - Given I am in the import wizard, When I upload a valid CSV file with 100 codes, Then the file should be validated and I should see 100 codes found and I should proceed to step 2 Preview. Acceptance Criteria: Import wizard opens on button click, CSV file upload works, File validation occurs before import, Preview shows first 10 codes, Validation errors are clearly displayed, Import executes successfully, Progress indicator shows during import, Success message displays after import, Duplicate detection works, Skip or update options for duplicates, Invalid files are rejected with clear errors, Code list refreshes after import. Business Value: Reduces time to load code sets from days to minutes. KPIs: Import success rate greater than 95 percent, Import speed 1000 codes per minute, Validation accuracy 100 percent, Zero data corruption, 90 percent reduction in manual code entry time.","High","LLPR,Story,Import","Code Management","Code Import & Export"
"As a Benefits Manager, I can create custom codes for my organization","Story","Feature: Custom Code Creation - As a Benefits Manager I want to create custom codes for my organization so that I can define proprietary codes for internal use. Background: Given I am authenticated as a Benefits Manager and I have permission to create custom codes. Scenario: Open custom code creation form - Given I am on the Code Library page, When I click Add New Code button, Then a creation form should open and I should see fields for code properties. Scenario: Create a valid custom code - Given I am in the custom code creation form, When I enter code CUSTOM-001 and I select type CUSTOM and I enter description Custom preventive care code and I enter category Preventive and I set status to Active and I set effective date to today and I click Save, Then the code should be created and I should see a success message and the code should appear in the code list. Acceptance Criteria: Creation form opens on button click, All required fields are present, Code value field accepts alphanumeric, Type dropdown includes CUSTOM option, Description field accepts 500 characters, Category field is optional, Status defaults to Active, Effective date defaults to today, Validation prevents empty required fields, Duplicate code detection works, Success message displays after save, Cancel button discards changes, New code appears in list immediately. Business Value: Enables organizations to define proprietary codes for internal benefit structures. KPIs: Custom code creation time less than 2 minutes, Zero duplicate code errors, 100 percent validation accuracy, 95 percent user satisfaction with creation flow.","Medium","LLPR,Story,CustomCodes","Code Management","Custom Code Management"
"As a Benefits Manager, I can browse and search quality measures","Story","Feature: Quality Measure Library - As a Benefits Manager I want to browse and search quality measures so that I can understand measure requirements and link them to products. Background: Given the system has 5 HEDIS measures loaded and I am authenticated as a Benefits Manager and I am on the Quality Measures page. Scenario: View quality measure statistics - Given I am on the Quality Measures page, When I view the statistics cards, Then I should see Total Measures card showing 5 and I should see Active Measures card and I should see HEDIS Measures card and I should see Avg Target Rate card. Scenario: Browse quality measures list - Given I am on the Quality Measures page, When I view the measures list, Then I should see 5 quality measures displayed and each measure should show measure ID and each measure should show measure name and each measure should show program badge (HEDIS or MIPS) and each measure should show domain badge. Acceptance Criteria: Statistics cards display correct counts, Measures list displays all measures, Each measure shows ID name program domain, Program badge is color-coded, Domain badge is clearly visible, Search filters by measure name, Search is case-insensitive, Advanced filters work correctly, Filter by program works, Refresh button reloads data, Loading states display during fetch, Empty state shows when no results. Business Value: Provides visibility into quality measure requirements for Star Ratings and HEDIS reporting. KPIs: Measure search accuracy 95 percent, Search response time less than 500ms, 100 percent of measures searchable, Zero display errors, 90 percent user satisfaction with measure library.","High","LLPR,Story,QualityMeasures","Quality Measures","HEDIS Measure Library"
"As a Benefits Manager, I can view detailed measure specifications","Story","Feature: Quality Measure Details - As a Benefits Manager I want to view detailed measure specifications so that I can understand measure logic and requirements. Background: Given the system has quality measures loaded and I am on the Quality Measures page. Scenario: Open measure details modal - Given I am viewing the measures list, When I click on a measure, Then a details modal should open and I should see the measure overview. Scenario: View measure overview tab - Given I have opened a measure details modal, When I view the Overview tab, Then I should see measure ID and I should see measure name and I should see program (HEDIS or MIPS) and I should see domain and I should see steward and I should see effective year and I should see target rate. Acceptance Criteria: Modal opens on measure click, Overview tab displays all measure properties, Measure Logic tab displays structured logic, Products tab displays linked products, Billing Codes tab displays associated codes, Codes are grouped by logic type, Code type badges display correctly, Edit Logic button works, Close button closes modal, Click outside closes modal, Tab switching works smoothly, All data loads correctly. Business Value: Enables Benefits Managers to understand complex measure requirements and verify measure configuration. KPIs: Modal open time less than 300ms, 100 percent data accuracy in modal, Zero display errors, Tab switching less than 100ms, 95 percent user satisfaction with details view.","High","LLPR,Story,MeasureDetails","Quality Measures","HEDIS Measure Library"
"As a Benefits Manager, I can configure measure logic","Story","Feature: Measure Logic Configuration - As a Benefits Manager I want to configure measure logic so that I can customize measures for my organization. Background: Given I am authenticated as a Benefits Manager and I have permission to edit measures and I am viewing a measure details modal. Scenario: Open logic editor - Given I am viewing a measure details modal, When I click Edit Logic button, Then the logic editor should open and I should see current logic configuration. Scenario: Edit denominator criteria - Given I am in the logic editor, When I modify the denominator criteria and I add a new code to the denominator value set and I save changes, Then the denominator should be updated and I should see a success message. Acceptance Criteria: Logic editor opens on button click, Current logic displays correctly, Denominator editing works, Numerator editing works, Exclusion editing works, Logic validation prevents invalid saves, Validation errors are clear, Success message displays after save, Cancel button shows confirmation, Confirmation dialog prevents accidental loss, Changes persist after save, Logic updates reflect in measure details. Business Value: Enables customization of quality measures for organization-specific requirements. KPIs: Logic save success rate greater than 95 percent, Validation accuracy 100 percent, Logic editor load time less than 1 second, Zero logic corruption, 90 percent user satisfaction with editor.","High","LLPR,Story,MeasureLogic","Quality Measures","Measure Logic Configuration"
"As a Benefits Manager, I can create benefit mappings","Story","Feature: Benefit Mapping Creation - As a Benefits Manager I want to create mappings between codes and benefit segments so that I can define coverage rules and cost-sharing. Background: Given I am authenticated as a Benefits Manager and I am on the Code Mappings page and I am on the Benefit Mappings tab. Scenario: View benefit mapping statistics - Given I am on the Benefit Mappings tab, When I view the statistics cards, Then I should see Total Mappings card and I should see Active Mappings card and I should see Draft Mappings card and I should see Unmapped Codes card. Scenario: Open mapping creation dialog - Given I am on the Benefit Mappings tab, When I click Create Mapping button, Then a creation dialog should open and I should see fields for mapping properties. Acceptance Criteria: Statistics cards display correct counts, Creation dialog opens on button click, Code dropdown displays all codes, Benefit segment dropdown displays segments, Copay field accepts currency format, Coinsurance field accepts percentage, Deductible toggle works, Priority field accepts integers, Validation prevents empty required fields, Conflict detection works, Success message displays after creation, Cancel button discards changes, New mapping appears in list immediately. Business Value: Enables definition of coverage rules and cost-sharing for medical codes. KPIs: Mapping creation time less than 3 minutes, Conflict detection accuracy 100 percent, Zero duplicate mappings, 95 percent user satisfaction with creation flow.","High","LLPR,Story,BenefitMapping","Mappings","Benefit Mappings"
"As a Benefits Manager, I can perform bulk code mappings","Story","Feature: Bulk Code Mapping - As a Benefits Manager I want to map multiple codes to benefits at once so that I can efficiently configure large code sets. Background: Given I am authenticated as a Benefits Manager and I am on the Code Mappings page and I am on the Benefit Mappings tab. Scenario: Open bulk mapping interface - Given I am on the Benefit Mappings tab, When I click Bulk Map Codes button, Then the bulk mapping interface should open and I should see code selection options. Scenario: Select multiple codes for mapping - Given I am in the bulk mapping interface, When I select 10 CPT codes from the list and I select a benefit segment Primary Care and I set copay to 25.00 for all and I click Map Selected Codes, Then all 10 codes should be mapped and I should see 10 mappings created successfully. Acceptance Criteria: Bulk mapping interface opens on button click, Code selection supports multi-select, Benefit segment dropdown works, Copay applies to all selected codes, Preview shows all mappings to be created, Conflict detection works for bulk operations, Conflict report is clear and actionable, Skip update cancel options work, Success message shows count of created mappings, Cancel button discards all changes, Bulk creation is transactional (all or nothing). Business Value: Reduces time to map large code sets from days to hours. KPIs: Bulk mapping speed 100 codes per minute, Conflict detection accuracy 100 percent, Zero partial failures, 90 percent reduction in mapping time, 95 percent user satisfaction.","Medium","LLPR,Story,BulkMapping","Mappings","Bulk Mapping Operations"
"As a Benefits Manager, I can create code equivalencies","Story","Feature: Code Equivalency Creation - As a Benefits Manager I want to create equivalency relationships between codes so that I can support cross-system integration and deduplication. Background: Given I am authenticated as a Benefits Manager and I am on the Code Mappings page and I am on the Equivalency Mappings tab. Scenario: View equivalency statistics - Given I am on the Equivalency Mappings tab, When I view the statistics cards, Then I should see Total Equivalencies card showing 3 and I should see Coverage Rate card and I should see Avg Confidence card and I should see Top Category card. Scenario: Open equivalency creation dialog - Given I am on the Equivalency Mappings tab, When I click Create Equivalency button, Then the creation dialog should open and I should see all required fields. Acceptance Criteria: Statistics cards display correct data, Creation dialog opens on button click, Name field accepts text input, Description field accepts text input, Category dropdown displays options, Source dropdown displays options, Confidence slider works (0 to 100 percent), Source code search displays suggestions, Target code search displays suggestions, Code selection from dropdown works, Relationship dropdown displays options, Bidirectional checkbox toggles, Validation prevents empty required fields, Success message displays after creation, Cancel button discards changes, New equivalency appears in table. Business Value: Enables cross-system code integration and deduplication. KPIs: Equivalency creation time less than 5 minutes, Code search accuracy 95 percent, Zero duplicate equivalencies, 100 percent bidirectional relationship accuracy, 90 percent user satisfaction.","High","LLPR,Story,Equivalency","Mappings","Code Equivalency Management"
"As a Benefits Manager, I can view equivalency details","Story","Feature: Equivalency Details View - As a Benefits Manager I want to view detailed equivalency information so that I can understand code relationships and confidence levels. Background: Given the system has 3 equivalencies loaded and I am on the Equivalency Mappings tab. Scenario: View equivalency in table - Given I am on the Equivalency Mappings tab, When I view the equivalencies table, Then I should see 3 rows and each row should show name and each row should show category badge and each row should show source and each row should show confidence percentage and each row should show mapping count. Scenario: Open equivalency details modal - Given I am viewing the equivalencies table, When I click the eye icon on an equivalency, Then the details modal should open and I should see the equivalency name as title. Acceptance Criteria: Table displays all equivalencies, Name category source confidence display correctly, Category badge is color-coded, Confidence displays as percentage, Mapping count is accurate, Eye icon opens details modal, Modal displays all equivalency properties, Code mappings display as source to target, Code type badges display correctly, Relationship badge displays correctly, Close button closes modal, Click outside closes modal. Business Value: Provides visibility into code equivalency relationships and confidence levels. KPIs: Modal open time less than 300ms, 100 percent data accuracy in modal, Zero display errors, 95 percent user satisfaction with details view.","Medium","LLPR,Story,EquivalencyDetails","Mappings","Code Equivalency Management"
"As a Benefits Manager, I can manage value sets","Story","Feature: Value Set Management - As a Benefits Manager I want to create and manage value sets so that I can group codes for quality measures and benefit definitions. Background: Given I am authenticated as a Benefits Manager and I am on the Value Sets page. Scenario: View value set statistics - Given I am on the Value Sets page, When I view the statistics cards, Then I should see Total Value Sets card and I should see Total Codes card and I should see Avg Codes per Set card. Scenario: Browse value sets list - Given I am on the Value Sets page, When I view the value sets list, Then I should see all value sets displayed and each value set should show name and each value set should show code count and each value set should show purpose. Acceptance Criteria: Statistics cards display correct counts, Value sets list displays all sets, Name code count purpose display correctly, Search filters by value set name, Search is case-insensitive, Create button opens creation form, Refresh button reloads data, Loading states display during fetch, Empty state shows when no results. Business Value: Enables grouping of codes for quality measures and benefit definitions. KPIs: Value set search accuracy 95 percent, Search response time less than 500ms, 100 percent of value sets searchable, Zero display errors, 90 percent user satisfaction.","High","LLPR,Story,ValueSets","Value Sets","Value Set CRUD Operations"
"As a Benefits Manager, I can manage codes within value sets","Story","Feature: Value Set Code Management - As a Benefits Manager I want to add and remove codes from value sets so that I can maintain accurate code groupings. Background: Given I am authenticated as a Benefits Manager and I am on the Value Sets page and I have opened a value set details modal. Scenario: View codes in value set - Given I have opened a value set details modal, When I view the modal content, Then I should see the value set name and I should see a list of associated codes and each code should show code value type and description. Scenario: Add code to value set - Given I have opened a value set details modal, When I click Add Code button, Then a code search interface should appear and I can search for codes and I can select a code from results and the code should be added to the value set and I should see a success message. Acceptance Criteria: Modal displays value set name, Code list displays all associated codes, Code value type description display correctly, Add Code button opens search interface, Code search works correctly, Code selection adds to value set, Remove icon removes code, Confirmation displays after add or remove, Close button closes modal, Changes persist after modal close, Code list updates in real-time. Business Value: Enables maintenance of accurate code groupings for quality measures. KPIs: Code add or remove time less than 2 seconds, Search accuracy 95 percent, Zero code association errors, 100 percent change persistence, 90 percent user satisfaction.","High","LLPR,Story,ValueSetCodes","Value Sets","Value Set Code Associations"
"As a Benefits Manager, I can manage health plan products","Story","Feature: Product Management - As a Benefits Manager I want to create and manage health plan products so that I can configure product offerings. Background: Given I am authenticated as a Benefits Manager and I am on the Products page. Scenario: View product statistics - Given I am on the Products page, When I view the statistics cards, Then I should see Total Products card and I should see Active Products card and I should see Draft Products card and I should see Published Products card. Scenario: View empty products list - Given I am on the Products page and no products have been created, When I view the page content, Then I should see an empty state message and I should see a Create Product call-to-action. Acceptance Criteria: Statistics cards display correct counts, Empty state displays when no products, Create button opens creation form, Import button opens import wizard, Export button downloads or shows options, Refresh button reloads data, Loading states display during operations. Business Value: Enables configuration of health plan product offerings. KPIs: Product creation time less than 10 minutes, Import success rate greater than 95 percent, Export accuracy 100 percent, Zero data loss, 90 percent user satisfaction.","High","LLPR,Story,Products","Products","Health Plan Product CRUD"
"As an Executive, I can view analytics dashboards","Story","Feature: Analytics Dashboard - As an Executive I want to view analytics dashboards so that I can understand system usage and coverage metrics. Background: Given I am authenticated as an Executive and I am on the Analytics page. Scenario: View analytics page - Given I am on the Analytics page, When the page loads, Then I should see charts and visualizations and I should see key metrics and all charts should render within 3 seconds. Scenario: Interact with charts - Given I am on the Analytics page, When I hover over a chart data point, Then I should see a tooltip with details and the tooltip should display relevant information. Acceptance Criteria: Page loads without errors, All charts render within 3 seconds, Charts display data correctly, Hover tooltips work on all charts, Legend toggle works, Date range filter works, Charts update after filter, Refresh button reloads data, Export button downloads report, Loading states display during operations. Business Value: Provides visibility into system usage code coverage and mapping completeness. KPIs: Page load time less than 3 seconds, Chart render time less than 1 second, Tooltip response less than 100ms, Zero chart errors, 90 percent user satisfaction.","Medium","LLPR,Story,Analytics","Analytics","Dashboard Analytics"
"As a User, I can navigate the application efficiently","Story","Feature: Application Navigation - As a User I want to navigate the application efficiently so that I can access features quickly. Background: Given I am authenticated and I am on any page of the application. Scenario: View sidebar navigation - Given I am on any page, When I look at the left sidebar, Then I should see all navigation menu items and I should see Dashboard Products Code Library Quality Measures Value Sets Code Mappings Analytics Settings Support Users. Scenario: Navigate to different pages - Given I am on the Dashboard, When I click Code Library in the sidebar, Then I should navigate to the Code Library page and the Code Library menu item should be highlighted and the page title should show Code Library. Acceptance Criteria: Sidebar displays all menu items, All navigation links work, Active menu item is highlighted, Page title updates on navigation, Collapse button works, Expand button works, Sidebar state persists, Notifications icon works, Notification badge displays count, User profile icon works, Profile dropdown displays options. Business Value: Enables efficient navigation and improves user experience. KPIs: Navigation response time less than 100ms, 100 percent link accuracy, Zero navigation errors, 95 percent user satisfaction with navigation.","High","LLPR,Story,Navigation","Navigation","Application Navigation"
"As a User, I can use the application on mobile devices","Story","Feature: Responsive Design - As a User I want to use the application on mobile and tablet devices so that I can work from any device. Background: Given I am authenticated and I am using a mobile or tablet device. Scenario: Sidebar on mobile - Given I am on a mobile device (less than 768px width), When I view the application, Then the sidebar should collapse or become a hamburger menu and I can open or close the sidebar. Scenario: Tables on mobile - Given I am on a mobile device, When I view a page with a table (e.g. Code Library), Then the table should be horizontally scrollable or the table should stack vertically and all data should be accessible. Acceptance Criteria: Sidebar collapses on mobile (less than 768px), Hamburger menu works on mobile, Tables are scrollable on mobile, Statistics cards stack on mobile, Forms are responsive on mobile, Buttons are touch-friendly (min 44px), Layout adjusts on tablet (768 to 1024px), All features accessible on all devices, No horizontal scrolling on mobile, Text is readable on all devices. Business Value: Enables mobile and tablet usage expanding accessibility. KPIs: Mobile usability score greater than 90 percent, Touch target size greater than or equal to 44px, Zero horizontal scroll on mobile, 100 percent feature accessibility on mobile, 85 percent user satisfaction on mobile.","Medium","LLPR,Story,Responsive","Navigation","Responsive Design"
"As a User, I experience fast page loads","Story","Feature: Performance Optimization - As a User I want pages to load quickly so that I can work efficiently. Background: Given I am authenticated and I am using the application. Scenario: Code Library page loads quickly - Given I navigate to the Code Library page, When the page loads, Then the page should load in less than 3 seconds and I should see the code list and statistics should display. Scenario: Search results appear quickly - Given I am on the Code Library page, When I type in the search field, Then results should appear within 500ms and the search should feel responsive. Acceptance Criteria: Code Library page loads in less than 3 seconds, Search response time less than 500ms, Modal open time less than 300ms, API response time less than 500ms (95th percentile), Loading indicators display for slow operations, Pagination prevents loading all data at once, Images are optimized, Code splitting is implemented, Lazy loading is used where appropriate, No performance degradation with large data sets. Business Value: Ensures fast responsive user experience. KPIs: Page load time less than 3 seconds (95th percentile), API response time less than 500ms (95th percentile), Search response less than 500ms (95th percentile), Modal open time less than 300ms, Zero performance-related complaints.","High","LLPR,Story,Performance","Quality","Performance Optimization"
"As a User, I see helpful error messages","Story","Feature: Error Handling - As a User I want to see helpful error messages when something goes wrong so that I can understand and resolve issues. Background: Given I am authenticated and I am using the application. Scenario: Network error handling - Given I am on any page, When the network connection is lost and I try to perform an action, Then I should see a Network error message and I should see suggestions to check my connection and I should have an option to retry. Scenario: Server error handling - Given I am on any page, When a server error occurs (500), Then I should see a Server error message and I should see a user-friendly explanation and I should have an option to refresh or contact support. Acceptance Criteria: Network errors display user-friendly messages, Server errors display user-friendly messages, 404 page exists and is helpful, Form validation errors are clear, Error messages are actionable, Retry options are provided, No red console errors on any page, Error boundaries prevent app crashes, Errors are logged for debugging, Users are never left confused. Business Value: Prevents user frustration and reduces support tickets. KPIs: Error recovery rate greater than 80 percent, Support tickets related to errors less than 5 percent, Zero unhandled errors, 100 percent error message clarity, 90 percent user satisfaction with error handling.","High","LLPR,Story,ErrorHandling","Quality","Error Handling & Resilience"
"As a User, I can access the application with assistive technologies","Story","Feature: Accessibility Compliance - As a User with disabilities I want to use the application with assistive technologies so that I can access all features. Background: Given I am using assistive technology (screen reader keyboard only etc.) and I am on the application. Scenario: Keyboard navigation works - Given I am using only a keyboard, When I press Tab to navigate, Then I should be able to reach all interactive elements and I should see focus indicators and I should be able to activate elements with Enter or Space. Scenario: Screen reader support - Given I am using a screen reader, When I navigate the application, Then all elements should have proper labels and images should have alt text and form fields should have associated labels and I should hear meaningful descriptions. Acceptance Criteria: All interactive elements are keyboard accessible, Focus indicators are visible on all elements, Screen reader labels are present and meaningful, Alt text is provided for all images, Form fields have associated labels, Color contrast meets WCAG 2.1 AA, Skip navigation link is present, Heading hierarchy is logical, ARIA attributes are used correctly, No keyboard traps exist. Business Value: Ensures accessibility for users with disabilities. KPIs: WCAG 2.1 AA compliance 100 percent, Keyboard accessibility 100 percent, Screen reader compatibility 100 percent, Zero accessibility violations, 95 percent satisfaction from users with disabilities.","Medium","LLPR,Story,Accessibility","Quality","Accessibility Compliance"

